{
  "employees": [
    {
      "Name": "Mugdha",
      "Qualification": "B.E",
      "phone": {
        "mobile": 789876,
        "office": 97868
      },
      "designation": "Eng Trainee"
    },
    {
      "Name": "Moumita",
      "Qualification": "B.E",
      "phone": {
        "mobile": 657877,
        "office": 646515
      },
      "designation": "Eng Trainee"
    },
    {
      "Name": "Nadiya",
      "Qualification": "MBA",
      "phone": {
        "mobile": 6756737683,
        "office": 12516848663
      },
      "designation": "L&D Manager"
    }
  ]
}